{"cameraMode":{"drawMode":0,"name":"Shaded","section":"Shading Mode"},"sceneLighting":false,"audioPlay":false,"sceneViewState":{"showFog":true,"showMaterialUpdate":false,"showSkybox":false,"showFlares":true,"showImageEffects":true,"showParticleSystems":true},"in2DMode":false,"pivot":{"x":0.023000001907348634,"y":0.5000001192092896,"z":-0.3619999885559082},"rotation":{"x":-0.32056090235710146,"y":-0.07326129078865051,"z":0.024772467091679574,"w":-0.944133996963501},"size":2.2715647220611574,"orthographic":false}