{"cameraMode":{"drawMode":0,"name":"Shaded","section":"Shading Mode"},"sceneLighting":false,"audioPlay":false,"sceneViewState":{"showFog":true,"showMaterialUpdate":false,"showSkybox":false,"showFlares":true,"showImageEffects":true,"showParticleSystems":true},"in2DMode":false,"pivot":{"x":-0.04999995231628418,"y":0.0,"z":0.10000002384185791},"rotation":{"x":-0.3997500240802765,"y":0.017050577327609063,"z":-0.007423616014420986,"w":-0.9164608120918274},"size":1.8371174335479737,"orthographic":false}